playerID,yearID,stint,teamID,lgID,G,AB,R,H,X2B,X3B,HR,RBI,SB,CS,BB,SO,IBB,HBP,SH,SF,GIDP,nameGiven,masterID
abreujo02,2015,1,CHA,AL,154,613,88,178,34,3,30,101,0,0,39,140,11,15,0,1,16,Jose Dariel,abreujo02-2015-CHA
ackledu01,2015,1,SEA,AL,85,186,22,40,8,1,6,19,2,2,14,38,0,1,3,3,3,Dustin Michael,ackledu01-2015-SEA
ackledu01,2015,2,NYA,AL,23,52,6,15,3,2,4,11,0,0,4,7,0,0,0,1,0,Dustin Michael,ackledu01-2015-NYA
adamecr01,2015,1,COL,NL,26,53,4,13,1,1,0,3,0,1,3,11,1,1,1,0,0,Cristhian Pascual,adamecr01-2015-COL
adamsma01,2015,1,SLN,NL,60,175,14,42,9,0,5,24,1,0,10,41,1,0,0,1,1,Matthew James,adamsma01-2015-SLN
adriaeh01,2015,1,SFN,NL,52,113,11,21,7,1,0,11,3,2,15,20,0,4,2,0,2,Ehire Enrique,adriaeh01-2015-SFN
ahmedni01,2015,1,ARI,NL,134,421,49,95,17,6,9,34,4,5,29,81,1,1,5,3,4,Nicholas Mark,ahmedni01-2015-ARI
alberha01,2015,1,TEX,AL,41,99,12,22,2,1,0,4,1,0,2,17,0,0,3,0,2,Hanser Joel,alberha01-2015-TEX
almonab01,2015,1,SDN,NL,31,54,6,11,3,0,0,4,1,1,5,19,0,0,3,0,1,Abraham,almonab01-2015-SDN
almonab01,2015,2,CLE,AL,51,178,30,47,9,5,5,20,6,0,16,33,0,0,0,2,4,Abraham,almonab01-2015-CLE
alonsyo01,2015,1,SDN,NL,103,354,50,100,18,1,5,31,2,5,42,48,3,3,0,3,13,Yonder,alonsyo01-2015-SDN
altheaa01,2015,1,PHI,NL,39,137,25,33,11,4,5,22,6,2,16,41,0,5,1,2,3,Aaron Samuel,altheaa01-2015-PHI
altuvjo01,2015,1,HOU,AL,154,638,86,200,40,4,15,66,38,13,33,67,8,9,3,6,17,Jose Carlos,altuvjo01-2015-HOU
alvarpe01,2015,1,PIT,NL,150,437,60,106,18,0,27,77,2,0,48,131,9,2,0,4,6,Pedro Manuel,alvarpe01-2015-PIT
amarial01,2015,1,SDN,NL,118,324,28,66,10,4,3,30,5,1,24,55,4,1,3,5,6,Alexi Jose,amarial01-2015-SDN
andruel01,2015,1,TEX,AL,160,596,69,154,34,2,7,62,25,9,46,78,1,2,8,9,14,Elvis Augusto,andruel01-2015-TEX
aokino01,2015,1,SFN,NL,93,355,42,102,12,3,5,26,14,5,30,25,0,6,1,0,8,Norichika,aokino01-2015-SFN
arciaos01,2015,1,MIN,AL,19,58,6,16,0,0,2,8,0,0,4,15,4,2,0,1,2,Oswaldo Celestino,arciaos01-2015-MIN
arenano01,2015,1,COL,NL,157,616,97,177,43,4,42,130,2,5,34,110,13,4,0,11,17,Nolan James,arenano01-2015-COL
arencjp01,2015,1,TBA,AL,24,71,9,22,3,0,6,17,0,0,1,22,0,0,0,1,1,Jonathan Paul,arencjp01-2015-TBA
ariasjo01,2015,1,SFN,NL,40,58,5,12,1,0,1,4,1,0,0,12,0,0,1,0,1,Joaquin,ariasjo01-2015-SFN
arrieja01,2015,1,CHN,NL,33,79,5,12,1,1,2,2,0,0,1,45,0,0,3,0,1,Jacob Joseph,arrieja01-2015-CHN
ascheco01,2015,1,PHI,NL,129,425,41,104,22,3,12,39,1,2,26,111,3,4,0,1,4,Cody James,ascheco01-2015-PHI
avilaal01,2015,1,DET,AL,67,178,21,34,5,0,4,13,0,1,40,66,0,0,1,0,4,Alexander Thomas,avilaal01-2015-DET
avilemi01,2015,1,CLE,AL,98,290,37,67,10,0,5,17,3,1,20,38,0,1,5,1,18,Michael Anthony,avilemi01-2015-CLE
aybarer01,2015,1,LAA,AL,156,597,74,161,30,1,3,44,15,6,25,73,1,4,7,5,12,Erick Johan,aybarer01-2015-LAA
baezja01,2015,1,CHN,NL,28,76,4,22,6,0,1,4,1,2,4,24,1,0,0,0,0,Ednel Javier,baezja01-2015-CHN
bakerje03,2015,1,MIA,NL,41,72,11,15,3,0,3,8,0,0,8,25,0,0,0,0,0,Jeffrey Glen,bakerje03-2015-MIA
barmecl01,2015,1,SDN,NL,98,207,24,48,14,1,3,16,0,1,10,55,2,4,3,0,0,Clint Harold,barmecl01-2015-SDN
barnebr02,2015,1,COL,NL,106,255,30,64,13,2,2,17,4,2,21,67,3,3,1,1,6,Brandon Michael,barnebr02-2015-COL
barnhtu01,2015,1,CIN,NL,81,242,23,61,9,0,3,18,0,1,25,45,5,2,2,3,10,Tucker Jackson,barnhtu01-2015-CIN
bautijo02,2015,1,TOR,AL,153,543,108,136,29,3,40,114,8,2,110,106,2,5,0,8,19,Jose Antonio,bautijo02-2015-TOR
baxtemi01,2015,1,CHN,NL,34,57,6,14,1,0,0,2,0,0,7,14,1,2,0,0,3,Michael Joseph,baxtemi01-2015-CHN
beckhgo01,2015,1,CHA,AL,100,211,24,44,8,0,6,20,0,1,19,43,1,2,1,4,6,James Gordon,beckhgo01-2015-CHA
beckhti01,2015,1,TBA,AL,82,203,24,45,7,4,9,37,3,1,13,69,0,3,0,4,3,Timothy Lamar,beckhti01-2015-TBA
beltbr01,2015,1,SFN,NL,137,492,73,138,33,5,18,68,9,3,56,147,2,4,0,4,3,Brandon Kyle,beltbr01-2015-SFN
beltrad01,2015,1,TEX,AL,143,567,83,163,32,4,18,83,1,0,41,65,4,3,0,8,18,Adrian,beltrad01-2015-TEX
beltrca01,2015,1,NYA,AL,133,478,57,132,34,1,19,67,0,0,45,85,2,2,0,6,12,Carlos Ivan,beltrca01-2015-NYA
bethach01,2015,1,ATL,NL,48,155,16,31,8,0,2,12,1,1,5,33,1,0,0,0,7,Christian Gabriel,bethach01-2015-ATL
bettsmo01,2015,1,BOS,AL,145,597,92,174,42,8,18,77,21,6,46,82,1,2,3,6,2,Markus Lynn,bettsmo01-2015-BOS
birdgr01,2015,1,NYA,AL,46,157,26,41,9,0,11,31,0,0,19,53,0,1,0,1,1,Gregory Paul,birdgr01-2015-NYA
blackch02,2015,1,COL,NL,157,614,93,176,31,9,17,58,43,13,46,112,2,13,5,4,4,Charles Cobb,blackch02-2015-COL
blancan01,2015,1,PHI,NL,106,233,32,68,22,3,7,25,1,1,21,44,0,4,3,0,11,Andres Eloy,blancan01-2015-PHI
blancgr01,2015,1,SFN,NL,115,327,59,95,19,3,5,26,13,5,40,59,7,2,0,3,3,Gregor Miguel,blancgr01-2015-SFN
blankky01,2015,1,TEX,AL,18,67,10,21,5,0,3,6,1,0,4,20,0,0,0,0,1,Kyle Nathaniel,blankky01-2015-TEX
bloomwi01,2015,1,SEA,AL,35,69,2,11,1,0,0,4,1,1,2,13,0,1,0,0,2,William Paul,bloomwi01-2015-SEA
boescbr01,2015,1,CIN,NL,51,89,4,13,2,0,1,5,1,0,4,30,0,1,0,0,0,Brennan Philip,boescbr01-2015-CIN
bogaexa01,2015,1,BOS,AL,156,613,84,196,35,3,7,81,10,2,32,101,1,3,3,3,16,Xander Jan,bogaexa01-2015-BOS
bogusbr01,2015,1,PHI,NL,22,58,9,15,3,0,2,5,2,0,3,21,0,0,0,0,1,Brian Thomas,bogusbr01-2015-PHI
bonifem01,2015,1,CHA,AL,47,78,5,13,2,0,0,4,1,4,2,27,0,1,1,0,1,Emilio Jose,bonifem01-2015-CHA
bourgja01,2015,1,CIN,NL,68,196,28,47,5,2,3,14,3,1,14,33,0,1,1,0,2,Jason Jerrod,bourgja01-2015-CIN
bourjpe01,2015,1,SLN,NL,117,195,32,39,8,3,4,13,5,8,19,59,4,6,4,1,2,Peter Christopher,bourjpe01-2015-SLN
bourju01,2015,1,MIA,NL,129,409,42,107,20,0,23,73,0,0,34,101,3,2,0,1,19,Justin James,bourju01-2015-MIA
bournmi01,2015,1,CLE,AL,95,289,29,71,12,1,0,19,13,5,29,76,0,0,7,1,2,Michael Ray,bournmi01-2015-CLE
bournmi01,2015,2,ATL,NL,46,136,10,30,3,1,0,11,4,2,17,31,0,0,1,2,3,Michael Ray,bournmi01-2015-ATL
bradlja02,2015,1,BOS,AL,74,221,43,55,17,4,10,43,3,0,27,69,0,3,1,3,5,Jackie,bradlja02-2015-BOS
brantmi02,2015,1,CLE,AL,137,529,68,164,45,0,15,84,15,1,60,51,8,2,0,5,14,Michael Charles,brantmi02-2015-CLE
braunry02,2015,1,MIL,NL,140,506,87,144,27,3,25,84,24,4,54,115,4,4,0,3,20,Ryan Joseph,braunry02-2015-MIL
browndo01,2015,1,PHI,NL,63,189,19,43,6,1,5,25,3,1,14,36,0,1,0,0,2,Domonic Larun,browndo01-2015-PHI
bruceja01,2015,1,CIN,NL,157,580,72,131,35,4,26,87,9,5,58,145,8,2,0,9,10,Jay Allen,bruceja01-2015-CIN
bryankr01,2015,1,CHN,NL,151,559,87,154,31,5,26,99,13,4,77,199,0,9,0,5,7,Kristopher L.,bryankr01-2015-CHN
bumgama01,2015,1,SFN,NL,36,77,9,19,2,0,5,9,0,0,3,27,0,0,1,0,1,Madison Kyle,bumgama01-2015-SFN
burnsbi02,2015,1,OAK,AL,125,520,70,153,18,9,5,42,26,8,26,81,1,6,1,2,5,William John,burnsbi02-2015-OAK
buterdr01,2015,2,KCA,AL,45,86,6,17,3,0,1,5,0,0,6,24,0,2,5,0,0,Andrew Edward,buterdr01-2015-KCA
butlebi03,2015,1,OAK,AL,151,538,63,135,28,1,15,65,0,0,52,101,4,7,0,4,26,Billy Ray,butlebi03-2015-OAK
butlejo04,2015,1,TBA,AL,88,257,30,71,12,0,8,30,5,2,16,82,0,3,0,0,16,Joseph Frank,butlejo04-2015-TBA
buxtoby01,2015,1,MIN,AL,46,129,16,27,7,1,2,6,2,2,6,44,0,1,2,0,1,Byron Keiron,buxtoby01-2015-MIN
byrdma01,2015,1,CIN,NL,96,359,46,85,13,3,19,42,2,1,23,101,1,3,0,3,6,Marlon Jerrard,byrdma01-2015-CIN
byrdma01,2015,2,SFN,NL,39,147,12,40,12,2,4,31,0,0,6,44,1,1,0,2,4,Marlon Jerrard,byrdma01-2015-SFN
cabreas01,2015,1,TBA,AL,143,505,66,134,28,5,15,58,6,3,36,107,4,3,1,6,14,Asdrubal Jose,cabreas01-2015-TBA
cabreev01,2015,1,BAL,AL,29,96,7,20,2,0,0,4,2,0,5,22,0,1,1,2,4,Everth,cabreev01-2015-BAL
cabreme01,2015,1,CHA,AL,158,629,70,172,36,2,12,77,3,0,40,88,2,2,2,10,18,Melky,cabreme01-2015-CHA
cabremi01,2015,1,DET,AL,119,429,64,145,28,1,18,76,1,1,77,82,15,3,0,2,19,Jose Miguel,cabremi01-2015-DET
cainlo01,2015,1,KCA,AL,140,551,101,169,34,6,16,72,28,6,37,98,4,12,0,4,16,Lorenzo Lamar,cainlo01-2015-KCA
calhoko01,2015,1,LAA,AL,159,630,78,161,23,2,26,83,4,1,45,164,1,5,2,4,6,Kole Alan,calhoko01-2015-LAA
callaal01,2015,1,ATL,NL,37,107,12,22,2,0,1,8,0,0,14,10,1,0,0,2,4,Alberto Jose,callaal01-2015-ATL
callaal01,2015,2,LAN,NL,60,123,8,32,5,0,0,7,0,0,14,24,0,0,1,0,2,Alberto Jose,callaal01-2015-LAN
campber01,2015,1,NYN,NL,71,173,28,34,8,0,3,19,5,3,26,37,1,4,1,2,11,Eric Singleton,campber01-2015-NYN
canhama01,2015,1,OAK,AL,124,441,61,112,22,3,16,70,7,2,33,96,0,8,0,3,9,Mark David,canhama01-2015-OAK
canoro01,2015,1,SEA,AL,156,624,82,179,34,1,21,79,2,6,43,107,5,3,0,4,26,Robinson Jose,canoro01-2015-SEA
carpema01,2015,1,SLN,NL,154,574,101,156,44,3,28,84,4,3,81,151,5,6,0,4,5,Matthew Martin,carpema01-2015-SLN
carreez01,2015,1,TOR,AL,91,172,27,47,8,0,3,26,2,1,11,45,0,2,5,2,1,Ezequiel Manuel,carreez01-2015-TOR
cartech02,2015,1,HOU,AL,129,391,50,78,17,0,24,64,1,2,57,151,1,6,0,5,5,Vernon Christopher,cartech02-2015-HOU
casalcu01,2015,1,TBA,AL,38,101,13,24,6,0,10,18,0,0,8,34,0,2,1,1,2,Curtis Michael,casalcu01-2015-TBA
cashnan01,2015,1,SDN,NL,38,60,2,5,0,0,0,1,0,0,1,24,0,0,0,0,0,Andrew Burton,cashnan01-2015-SDN
casteni01,2015,1,DET,AL,154,549,42,140,33,6,15,73,0,3,39,152,1,1,0,6,21,Nicholas A.,casteni01-2015-DET
castiru01,2015,1,BOS,AL,80,273,35,69,10,2,5,29,4,5,13,54,0,1,1,1,11,Rusney,castiru01-2015-BOS
castiwe01,2015,3,ARI,NL,80,274,34,70,13,1,17,50,0,0,21,75,0,5,0,3,10,Welington Andres,castiwe01-2015-ARI
castrda01,2015,1,ATL,NL,33,96,14,23,2,1,2,5,0,0,3,15,0,0,1,0,4,Daniel Alejandro,castrda01-2015-ATL
castrja01,2015,1,HOU,AL,104,337,38,71,19,0,11,31,0,0,33,115,1,2,0,3,5,Jason Michael,castrja01-2015-HOU
castrst01,2015,1,CHN,NL,151,547,52,145,23,2,11,69,5,5,21,91,6,5,1,4,18,Starlin DeJesus,castrst01-2015-CHN
cecilda01,2015,1,NYN,NL,39,68,5,14,2,0,1,3,5,1,4,25,0,2,0,0,0,Darrell Albert,cecilda01-2015-NYN
cervefr01,2015,1,PIT,NL,130,451,56,133,17,5,7,43,1,1,46,94,1,8,4,1,12,Francisco,cervefr01-2015-PIT
cespeyo01,2015,1,DET,AL,102,403,62,118,28,2,18,61,3,4,19,87,2,1,0,4,9,Yoenis,cespeyo01-2015-DET
cespeyo01,2015,2,NYN,NL,57,230,39,66,14,4,17,44,4,1,14,54,3,4,0,1,5,Yoenis,cespeyo01-2015-NYN
chiriro01,2015,1,TEX,AL,78,233,33,54,16,1,10,34,0,0,28,62,0,5,5,2,4,Robinson David,chiriro01-2015-TEX
chiselo01,2015,1,CLE,AL,106,333,38,82,19,1,7,44,4,1,23,69,3,1,2,3,0,Lonnie David,chiselo01-2015-CLE
choosh01,2015,1,TEX,AL,149,555,94,153,32,3,22,82,4,2,76,147,1,15,2,5,7,Shin-Soo,choosh01-2015-TEX
ciriape01,2015,1,ATL,NL,84,142,14,37,8,1,1,15,4,2,2,38,0,2,2,3,1,Pedro Joel,ciriape01-2015-ATL
clevest01,2015,1,BAL,AL,30,101,11,29,4,2,2,15,0,0,4,13,1,0,0,0,3,Steven Scott,clevest01-2015-BAL
coghlch01,2015,1,CHN,NL,148,440,64,110,25,6,16,41,11,2,58,94,6,3,1,1,8,Christopher B.,coghlch01-2015-CHN
colabch01,2015,1,TOR,AL,101,333,55,107,19,1,15,54,2,0,22,96,0,3,0,2,12,Christopher Adrian,colabch01-2015-TOR
colege01,2015,1,PIT,NL,33,60,5,9,0,0,0,2,0,0,2,28,0,0,9,0,0,Gerrit Alan,colege01-2015-PIT
collity01,2015,1,DET,AL,60,192,18,51,11,3,4,25,2,1,13,43,0,1,1,0,2,Tyler James,collity01-2015-DET
colonba01,2015,1,NYN,NL,33,58,2,8,1,0,0,4,0,0,0,24,0,1,4,1,2,Bartolo,colonba01-2015-NYN
colonch01,2015,1,KCA,AL,43,107,8,31,5,0,0,6,3,2,11,17,0,0,1,0,2,Christian Anthony,colonch01-2015-KCA
confomi01,2015,1,NYN,NL,56,174,30,47,14,0,9,26,0,1,17,39,0,1,0,2,4,Michael Thomas,confomi01-2015-NYN
congeha01,2015,1,HOU,AL,73,201,25,46,11,0,11,33,0,1,23,63,0,2,1,2,6,Hyun Choi,congeha01-2015-HOU
corpoca01,2015,1,TEX,AL,33,107,10,19,4,0,3,15,0,0,6,40,0,4,2,2,1,Carlos Fernando,corpoca01-2015-TEX
correca01,2015,1,HOU,AL,99,387,52,108,22,1,22,68,14,4,40,78,2,1,0,4,10,Carlos Javier,correca01-2015-HOU
cowgico01,2015,1,LAA,AL,55,69,10,13,2,1,1,2,2,1,4,19,0,0,1,0,1,Collin Brannen,cowgico01-2015-LAA
cozarza01,2015,1,CIN,NL,53,194,28,50,10,1,9,28,3,3,14,29,1,2,1,3,4,Zachary Warren,cozarza01-2015-CIN
craigal01,2015,1,BOS,AL,36,79,6,12,1,0,1,3,0,0,7,26,0,2,0,0,2,Allen Thomas,craigal01-2015-BOS
crawfbr01,2015,1,SFN,NL,143,507,65,130,33,4,21,84,6,4,39,119,9,11,0,4,18,Brandon Michael,crawfbr01-2015-SFN
crawfca02,2015,1,LAN,NL,69,181,19,48,9,2,4,16,10,2,10,41,1,0,0,0,3,Carl Demonte,crawfca02-2015-LAN
crispco01,2015,1,OAK,AL,44,126,11,22,6,0,0,6,2,0,13,25,0,0,0,0,2,Covelli Loyce,crispco01-2015-OAK
croncj01,2015,1,LAA,AL,113,378,37,99,17,1,16,51,3,1,17,82,1,5,0,3,9,Christopher John,croncj01-2015-LAA
cruzne02,2015,1,SEA,AL,152,590,90,178,22,1,44,93,3,2,59,164,9,5,0,1,6,Nelson Ramon,cruzne02-2015-SEA
cruzto03,2015,1,SLN,NL,69,142,6,29,7,1,2,11,0,0,6,32,0,0,2,1,6,Arnoldi Anthony,cruzto03-2015-SLN
cuddymi01,2015,1,NYN,NL,117,379,44,98,18,1,10,41,2,0,24,88,0,4,0,1,13,Michael Brent,cuddymi01-2015-NYN
cunnito01,2015,1,ATL,NL,39,86,13,19,4,0,0,4,2,1,5,17,1,2,0,0,1,Thomas David,cunnito01-2015-ATL
darnatr01,2015,1,NYN,NL,67,239,31,64,14,1,12,41,0,0,23,49,0,4,0,2,7,Travis E.,darnatr01-2015-NYN
davisch02,2015,1,BAL,AL,160,573,100,150,31,0,47,117,2,3,84,208,6,8,0,5,6,Christopher Lyn,davisch02-2015-BAL
davisik02,2015,1,OAK,AL,74,214,19,49,17,0,3,20,0,0,23,44,0,0,0,2,5,Isaac Benjamin,davisik02-2015-OAK
daviskh01,2015,1,MIL,NL,121,392,54,97,16,2,27,66,6,2,44,122,1,1,0,3,9,Khristopher Adrian,daviskh01-2015-MIL
davisra01,2015,1,DET,AL,112,341,55,88,16,11,8,30,18,8,22,76,0,3,1,3,5,Rajai Lavae,davisra01-2015-DET
deazaal01,2015,1,BAL,AL,30,103,16,22,4,1,3,7,2,2,7,34,2,2,0,0,1,Alejandro Alberto,deazaal01-2015-BAL
deazaal01,2015,2,BOS,AL,60,161,23,47,9,5,4,25,3,1,12,36,1,2,2,1,2,Alejandro Alberto,deazaal01-2015-BOS
deazaal01,2015,3,SFN,NL,24,61,12,16,4,1,0,3,2,2,12,14,0,1,0,1,3,Alejandro Alberto,deazaal01-2015-SFN
degroja01,2015,1,NYN,NL,31,59,3,11,1,0,0,4,0,0,3,16,0,0,4,0,4,Jacob Anthony,degroja01-2015-NYN
dejesda01,2015,1,TBA,AL,82,232,24,60,8,2,5,26,3,2,19,39,1,4,0,2,4,David Christopher,dejesda01-2015-TBA
dejesda01,2015,2,LAA,AL,30,56,3,7,1,0,0,4,0,0,2,13,0,2,0,0,1,David Christopher,dejesda01-2015-LAA
dejesiv02,2015,1,CIN,NL,76,201,15,49,10,2,4,28,0,2,19,55,0,1,0,1,3,Ivan,dejesiv02-2015-CIN
delarru01,2015,1,ARI,NL,32,64,3,6,0,0,0,2,0,0,0,25,0,0,4,0,0,Rubby Carlos,delarru01-2015-ARI
dendema01,2015,1,WAS,NL,55,99,12,25,6,1,5,12,0,1,9,20,0,0,2,0,0,Matthew G.,dendema01-2015-WAS
denorch01,2015,1,CHN,NL,103,212,18,57,11,1,3,18,0,1,15,56,1,1,2,1,7,Christopher Anthony,denorch01-2015-CHN
descada01,2015,1,COL,NL,101,185,22,38,3,2,5,22,1,2,20,45,6,0,4,0,3,Daniel William,descada01-2015-COL
desclan01,2015,1,CIN,NL,31,58,1,9,1,0,0,3,0,0,3,33,0,0,2,1,0,Anthony James,desclan01-2015-CIN
deshide02,2015,1,TEX,AL,121,425,83,111,22,10,2,37,25,8,53,101,1,3,7,4,1,Delino Diaab,deshide02-2015-TEX
desmoia01,2015,1,WAS,NL,156,583,69,136,27,2,19,62,13,5,45,187,0,3,6,4,9,Ian M.,desmoia01-2015-WAS
dickeco01,2015,1,COL,NL,65,224,30,68,18,2,10,31,0,1,10,56,0,0,0,0,3,McKenzie Corey,dickeco01-2015-COL
dietrde01,2015,1,MIA,NL,90,250,38,64,14,3,10,24,0,2,23,65,2,13,0,3,4,Derek Richard,dietrde01-2015-MIA
donaljo02,2015,1,TOR,AL,158,620,122,184,41,2,41,123,6,0,73,133,0,6,2,10,16,Joshua Adam,donaljo02-2015-TOR
doziebr01,2015,1,MIN,AL,157,628,101,148,39,4,28,77,12,4,61,148,2,7,0,8,10,James Brian,doziebr01-2015-MIN
drewst01,2015,1,NYA,AL,131,383,43,77,16,1,17,44,0,2,37,71,1,1,4,3,7,Stephen Oris,drewst01-2015-NYA
drurybr01,2015,1,ARI,NL,20,56,3,12,3,0,2,8,0,0,2,8,0,1,0,0,5,Brandon S.,drurybr01-2015-ARI
dudalu01,2015,1,NYN,NL,135,471,67,115,33,0,27,73,0,2,66,138,7,14,0,3,12,Lucas Christopher,dudalu01-2015-NYN
duffyma01,2015,1,SFN,NL,149,573,77,169,28,6,12,77,12,0,30,96,0,5,2,2,22,Matthew Michael,duffyma01-2015-SFN
duvalad01,2015,1,CIN,NL,27,64,6,14,2,0,5,9,0,0,6,26,1,2,0,0,0,Adam Lynn,duvalad01-2015-CIN
dysonja01,2015,1,KCA,AL,90,200,31,50,8,6,2,18,26,3,14,37,0,4,6,1,3,Jarrod Martel,dysonja01-2015-KCA
eatonad02,2015,1,CHA,AL,153,610,98,175,28,9,14,56,18,8,58,131,2,14,5,2,5,Adam Cory,eatonad02-2015-CHA
ellisaj01,2015,1,LAN,NL,63,181,24,43,9,0,7,21,0,0,32,38,1,1,3,0,4,Andrew James,ellisaj01-2015-LAN
ellsbja01,2015,1,NYA,AL,111,452,66,116,15,2,7,33,21,9,35,86,1,7,1,3,6,Jacoby McCabe,ellsbja01-2015-NYA
elmorja01,2015,1,TBA,AL,51,141,10,29,5,0,2,16,1,1,12,25,1,0,2,3,6,Jacob David,elmorja01-2015-TBA
encared01,2015,1,TOR,AL,146,528,94,146,31,0,39,111,3,2,77,98,5,9,0,10,14,Edwin Elpidio,encared01-2015-TOR
escobal02,2015,1,KCA,AL,148,612,76,157,20,5,3,47,17,5,26,75,1,8,11,5,10,Alcides,escobal02-2015-KCA
escobed01,2015,1,MIN,AL,127,409,48,107,31,4,12,58,2,3,28,86,1,2,2,5,7,Eduardo Jose,escobed01-2015-MIN
escobyu01,2015,1,WAS,NL,139,535,75,168,25,1,9,56,2,2,45,70,0,8,1,2,24,Yunel,escobyu01-2015-WAS
espinda01,2015,1,WAS,NL,118,367,59,88,21,1,13,37,5,2,33,106,5,6,3,3,6,Daniel Richard,espinda01-2015-WAS
ethiean01,2015,1,LAN,NL,142,395,54,116,20,7,14,53,2,3,43,75,2,4,0,3,11,Andre Everett,ethiean01-2015-LAN
feathta01,2015,1,LAA,AL,101,154,23,25,5,1,2,9,4,2,7,46,0,3,4,1,3,Taylor Joseph,feathta01-2015-LAA
fieldpr01,2015,1,TEX,AL,158,613,78,187,28,0,23,98,0,0,64,88,14,11,0,5,21,Prince Semien,fieldpr01-2015-TEX
flahery01,2015,1,BAL,AL,91,267,34,54,8,3,9,31,0,0,26,81,2,4,2,2,8,Ryan Edward,flahery01-2015-BAL
florewi01,2015,1,NYN,NL,137,483,55,127,22,0,16,59,0,1,19,63,2,4,2,2,12,Wilmer Alejandro,florewi01-2015-NYN
flowety01,2015,1,CHA,AL,112,331,21,79,12,0,9,39,0,1,21,104,0,6,2,1,8,Cole Tyler,flowety01-2015-CHA
forsylo01,2015,1,TBA,AL,153,540,69,152,33,2,17,68,9,4,55,111,2,14,0,6,12,John Logan,forsylo01-2015-TBA
fowlede01,2015,1,CHN,NL,156,596,102,149,29,8,17,46,20,7,84,154,1,5,2,3,4,William Dexter,fowlede01-2015-CHN
francje02,2015,1,PHI,NL,119,326,34,84,16,1,13,45,0,2,13,77,0,1,0,3,10,Jeffrey Braden,francje02-2015-PHI
francma02,2015,1,PHI,NL,80,304,45,85,22,1,14,50,1,0,26,52,2,4,0,1,8,Maikel Antonio,francma02-2015-PHI
frankni01,2015,1,TBA,AL,44,101,11,16,4,1,3,7,1,0,7,37,0,0,1,0,2,Nicholas Edward,frankni01-2015-TBA
frazito01,2015,1,CIN,NL,157,619,82,158,43,1,35,89,13,8,44,137,3,7,1,7,19,Todd B.,frazito01-2015-CIN
freemfr01,2015,1,ATL,NL,118,416,62,115,27,0,18,66,3,1,56,98,4,7,0,2,6,Frederick Charles,freemfr01-2015-ATL
freesda01,2015,1,LAA,AL,121,424,53,109,27,0,14,56,1,1,31,107,0,12,0,3,12,David Richard,freesda01-2015-LAA
fuldsa01,2015,1,OAK,AL,120,290,34,57,16,3,2,22,9,3,30,55,1,2,2,1,6,Samuel Babson,fuldsa01-2015-OAK
gallojo01,2015,1,TEX,AL,36,108,16,22,3,1,6,14,3,0,15,57,3,0,0,0,0,Joseph Nicholas,gallojo01-2015-TEX
galvifr01,2015,1,PHI,NL,151,559,63,147,14,5,7,50,10,1,30,103,1,3,7,4,11,Freddy Jose,galvifr01-2015-PHI
garciad01,2015,1,ATL,NL,58,191,20,53,12,0,10,26,0,0,5,35,0,0,0,2,9,Adonis,garciad01-2015-ATL
garciav01,2015,1,CHA,AL,148,553,66,142,17,2,13,59,7,7,36,141,3,8,0,4,13,Avisail Antonio,garciav01-2015-CHA
garcigr01,2015,1,SLN,NL,49,75,7,18,5,0,2,4,0,0,10,12,1,1,1,0,2,Greg Joseph,garcigr01-2015-SLN
gardnbr01,2015,1,NYA,AL,151,571,94,148,26,3,16,66,20,5,68,135,1,6,8,3,8,Brett M.,gardnbr01-2015-NYA
garnedu01,2015,1,COL,NL,22,70,6,11,3,0,2,8,0,0,6,14,2,0,0,0,2,Dustin Thomas,garnedu01-2015-COL
gattiev01,2015,1,HOU,AL,153,566,66,139,20,11,27,88,0,1,30,119,3,3,0,5,13,James Evan,gattiev01-2015-HOU
gennesc01,2015,1,MIL,NL,114,375,42,99,18,4,6,29,1,3,12,68,5,4,0,0,11,Ryan Joseph,gennesc01-2015-MIL
gentrcr01,2015,1,OAK,AL,26,50,6,6,0,2,0,3,1,1,4,15,0,1,0,1,0,Craig Alan,gentrcr01-2015-OAK
giavojo01,2015,1,LAA,AL,129,453,51,123,25,5,4,49,2,1,32,59,0,2,9,6,7,Johnny Arthur,giavojo01-2015-LAA
gillaco01,2015,1,CHA,AL,58,173,10,41,11,1,3,15,0,1,9,34,1,1,0,2,2,Conor Michael,gillaco01-2015-CHA
gillaco01,2015,2,LAA,AL,17,64,4,13,4,1,1,9,0,0,4,13,1,0,0,0,0,Conor Michael,gillaco01-2015-LAA
gilleco01,2015,1,MIA,NL,67,145,17,42,10,2,2,16,4,1,10,27,0,0,1,1,5,Cole Braden,gilleco01-2015-MIA
gimench01,2015,1,TEX,AL,36,98,19,25,6,1,5,14,2,0,10,19,0,1,4,0,2,Christopher Paul,gimench01-2015-TEX
goinsry01,2015,1,TOR,AL,128,376,52,94,16,4,5,45,2,1,39,83,0,1,7,5,12,Ryan Matthew,goinsry01-2015-TOR
goldspa01,2015,1,ARI,NL,159,567,103,182,38,2,33,110,21,5,118,151,29,2,0,7,16,Paul Edward,goldspa01-2015-ARI
gomesjo01,2015,1,ATL,NL,83,195,27,43,7,0,7,22,1,1,28,67,1,3,0,2,5,Jonathan Johnson,gomesjo01-2015-ATL
gomesya01,2015,1,CLE,AL,95,363,38,84,22,0,12,45,0,0,13,104,1,7,0,6,11,Yan,gomesya01-2015-CLE
gomezca01,2015,1,MIL,NL,74,286,42,75,20,1,8,43,7,6,23,70,0,5,0,0,4,Carlos Argelis,gomezca01-2015-MIL
gomezca01,2015,2,HOU,AL,41,149,19,36,9,0,4,13,10,3,8,31,1,2,3,1,1,Carlos Argelis,gomezca01-2015-HOU
gomezhe01,2015,1,MIL,NL,66,127,15,23,11,2,1,7,0,0,3,40,0,2,2,0,1,Hector Alexis,gomezhe01-2015-MIL
gonzaad01,2015,1,LAN,NL,156,571,76,157,33,0,28,90,0,1,62,107,10,6,0,3,21,Adrian Sabin,gonzaad01-2015-LAN
gonzaca01,2015,1,COL,NL,153,554,87,150,25,2,40,97,2,0,46,133,6,1,1,6,11,Carlos Eduardo,gonzaca01-2015-COL
gonzama01,2015,1,HOU,AL,120,344,44,96,18,1,12,34,4,5,16,74,0,3,7,0,9,Marwin Javier,gonzama01-2015-HOU
gordoal01,2015,1,KCA,AL,104,354,40,96,18,0,13,48,2,5,49,92,7,14,0,5,2,Alex Jonathan,gordoal01-2015-KCA
gordode01,2015,1,MIA,NL,145,615,88,205,24,8,4,46,58,20,25,91,2,2,6,5,6,Devaris,gordode01-2015-MIA
gosean01,2015,1,DET,AL,140,485,73,123,24,8,5,26,23,11,45,145,0,3,2,0,11,Anthony Robert,gosean01-2015-DET
gosewtu01,2015,1,ARI,NL,38,128,9,27,6,0,1,13,2,1,8,23,0,1,0,1,2,James Benjamin,gosewtu01-2015-ARI
gosseph01,2015,2,ARI,NL,24,66,17,20,5,1,3,13,0,1,7,11,0,2,0,1,2,Philip David,gosseph01-2015-ARI
grandcu01,2015,1,NYN,NL,157,580,98,150,33,2,26,70,11,6,91,151,3,7,0,4,3,Curtis,grandcu01-2015-NYN
grandya01,2015,1,LAN,NL,115,355,43,83,12,0,16,47,0,1,65,92,1,2,1,3,16,Yasmani,grandya01-2015-LAN
gregodi01,2015,1,NYA,AL,155,525,57,139,24,2,9,56,5,3,33,85,0,11,3,6,4,Mariekson Julius,gregodi01-2015-NYA
greinza01,2015,1,LAN,NL,32,67,8,15,2,0,2,3,1,0,1,14,0,0,8,1,0,Donald Zachary,greinza01-2015-LAN
grichra01,2015,1,SLN,NL,103,323,49,89,23,7,17,47,4,2,22,110,2,4,0,1,6,Randal Alexander,grichra01-2015-SLN
guerral01,2015,1,LAN,NL,106,219,25,51,9,1,11,36,1,0,7,57,0,2,0,2,7,Alexander,guerral01-2015-LAN
gutiefr01,2015,1,SEA,AL,59,171,27,50,11,0,15,35,0,0,14,54,1,3,0,1,5,Franklin Rafael,gutiefr01-2015-SEA
guyerbr01,2015,1,TBA,AL,128,332,51,88,21,2,8,28,10,4,25,61,0,24,3,1,5,Brandon Eric,guyerbr01-2015-TBA
gyorkje01,2015,1,SDN,NL,128,421,34,104,15,0,16,57,0,1,27,107,1,5,0,5,13,Jedd Lindon,gyorkje01-2015-SDN
hamilbi02,2015,1,CIN,NL,114,412,56,93,8,3,4,28,57,8,28,75,0,1,9,4,5,Billy R.,hamilbi02-2015-CIN
hamiljo03,2015,1,TEX,AL,50,170,22,43,8,0,8,25,0,0,10,52,0,0,0,2,1,Joshua Holt,hamiljo03-2015-TEX
hammeja01,2015,1,CHN,NL,32,65,6,11,1,0,0,4,0,0,1,18,0,0,3,1,1,Jason Aaron,hammeja01-2015-CHN
hanigry01,2015,1,BOS,AL,54,174,28,43,8,0,2,16,0,0,20,39,0,4,1,1,6,Ryan Michael,hanigry01-2015-BOS
hardyjj01,2015,1,BAL,AL,114,411,45,90,14,0,8,37,0,0,20,88,0,0,2,4,11,James Jerry,hardyjj01-2015-BAL
harpebr03,2015,1,WAS,NL,153,521,118,172,38,1,42,99,6,4,124,131,15,5,0,4,15,Bryce Aron Max,harpebr03-2015-WAS
harrijo05,2015,1,PIT,NL,114,418,57,120,29,1,4,28,10,8,19,71,1,7,3,2,4,Joshua Isaiah,harrijo05-2015-PIT
hartco01,2015,1,PIT,NL,35,54,3,12,1,0,2,9,0,0,1,19,1,1,0,1,5,Jon Corey,hartco01-2015-PIT
harvema01,2015,1,NYN,NL,29,65,1,7,2,0,1,7,0,0,0,31,0,0,1,0,2,Matthew Edward,harvema01-2015-NYN
headlch01,2015,1,NYA,AL,156,580,74,150,29,1,11,62,0,2,51,135,0,7,0,4,17,Chase Jordan,headlch01-2015-NYA
hechaad01,2015,1,MIA,NL,130,470,54,132,17,6,5,48,7,2,23,78,4,2,0,4,18,Adeiny,hechaad01-2015-MIA
hedgeau01,2015,1,SDN,NL,56,137,13,23,2,0,3,11,0,0,8,38,1,1,3,3,1,Austin Charles,hedgeau01-2015-SDN
heisech01,2015,1,LAN,NL,33,55,8,10,2,0,2,9,0,1,15,17,2,0,0,2,1,Chris J.,heisech01-2015-LAN
hendrky01,2015,1,CHN,NL,32,60,2,3,1,0,0,1,0,0,1,24,0,0,3,0,2,Kyle Christian,hendrky01-2015-CHN
hernace02,2015,1,PHI,NL,127,405,57,110,20,4,1,35,19,5,40,86,1,2,4,1,6,Cesar Augusto,hernace02-2015-PHI
hernaen02,2015,1,LAN,NL,76,202,24,62,12,2,7,22,0,2,11,46,0,2,1,2,3,Enrique J.,hernaen02-2015-LAN
herredi01,2015,1,NYN,NL,31,90,7,19,3,1,3,6,2,0,11,23,1,2,0,0,2,Dilson Jose,herredi01-2015-NYN
herreel01,2015,1,MIL,NL,83,256,29,62,18,0,7,33,3,1,18,72,1,0,1,2,4,Elian,herreel01-2015-MIL
herrejo03,2015,1,CHN,NL,73,126,14,29,5,1,2,14,3,0,2,23,1,0,4,0,3,Jonathan Alejandro,herrejo03-2015-CHN
herreod01,2015,1,PHI,NL,147,495,64,147,30,3,8,41,16,8,28,129,0,8,5,1,6,David Odubel,herreod01-2015-PHI
herrmch01,2015,1,MIN,AL,45,103,13,15,5,1,2,10,0,0,7,37,0,2,1,0,1,Christopher Ryan,herrmch01-2015-MIN
hestoch01,2015,1,SFN,NL,31,51,1,10,2,0,0,3,0,0,0,18,0,0,7,0,1,Christopher L.,hestoch01-2015-SFN
heywaja01,2015,1,SLN,NL,154,547,79,160,33,4,13,60,23,3,56,90,4,2,0,3,13,Jason Alias,heywaja01-2015-SLN
hicksaa01,2015,1,MIN,AL,97,352,48,90,11,3,11,33,13,3,34,66,2,2,0,2,6,Aaron Michael,hicksaa01-2015-MIN
hillaa01,2015,1,ARI,NL,116,313,32,72,18,0,6,39,7,2,31,54,0,1,0,8,9,Aaron Walter,hillaa01-2015-ARI
holadbr01,2015,1,DET,AL,24,64,3,18,5,0,2,13,0,0,1,13,0,0,0,0,0,John Bryan,holadbr01-2015-DET
hollima01,2015,1,SLN,NL,73,229,24,64,16,1,4,35,2,1,39,49,5,6,0,3,9,Matthew Thomas,hollima01-2015-SLN
holtbr01,2015,1,BOS,AL,129,454,56,127,27,6,2,45,8,1,46,97,0,3,4,2,7,Brock Wyatt,holtbr01-2015-BOS
hosmeer01,2015,1,KCA,AL,158,599,98,178,33,5,18,93,7,3,61,108,6,3,1,3,16,Eric John,hosmeer01-2015-KCA
howarry01,2015,1,PHI,NL,129,467,53,107,29,1,23,77,0,0,27,138,2,5,0,3,11,Ryan James,howarry01-2015-PHI
hundlni01,2015,1,COL,NL,103,366,45,110,21,5,10,43,5,6,21,76,0,1,0,1,8,Nicholas John,hundlni01-2015-COL
hunteto01,2015,1,MIN,AL,139,521,67,125,22,0,22,81,2,5,35,105,1,6,0,5,14,Torii Kedar,hunteto01-2015-MIN
iannech01,2015,1,LAA,AL,92,272,28,51,10,0,10,34,0,1,41,83,1,1,0,3,11,Christopher Domenic,iannech01-2015-LAA
iglesjo01,2015,1,DET,AL,120,416,44,125,17,3,2,23,11,8,25,44,2,6,4,3,10,Jose Antonio,iglesjo01-2015-DET
inciaen01,2015,1,ARI,NL,132,524,73,159,27,5,6,45,21,10,26,58,0,4,2,5,8,Ender David,inciaen01-2015-ARI
infanom01,2015,1,KCA,AL,124,440,39,97,23,7,2,44,2,2,9,69,0,0,2,4,8,Omar Rafael,infanom01-2015-KCA
ishiktr01,2015,2,PIT,NL,38,58,5,13,3,0,1,8,0,0,8,17,0,0,0,0,2,Travis Takashi,ishiktr01-2015-PIT
jacksau01,2015,1,SEA,AL,107,419,46,114,18,3,8,38,15,9,24,107,0,1,3,1,4,Austin Jarriel,jacksau01-2015-SEA
jacksau01,2015,2,CHN,NL,29,72,10,17,7,0,1,10,2,1,5,19,0,2,0,0,1,Austin Jarriel,jacksau01-2015-CHN
jankotr01,2015,1,SDN,NL,34,90,9,19,2,2,2,12,2,1,4,24,0,0,2,0,1,Travis Paul,jankotr01-2015-SDN
jasojo01,2015,1,TBA,AL,70,185,23,53,17,0,5,22,1,2,28,39,1,1,0,2,5,John Edward,jasojo01-2015-TBA
jayjo02,2015,1,SLN,NL,79,210,25,44,5,1,1,10,0,2,19,36,5,11,3,2,7,Jonathan Henry,jayjo02-2015-SLN
jennide01,2015,1,TBA,AL,28,97,9,26,2,1,1,7,5,3,8,17,0,1,0,2,2,Desmond Delane,jennide01-2015-TBA
johnsch05,2015,1,ATL,NL,56,153,12,36,7,0,2,11,2,1,7,49,0,1,0,1,3,Christopher Dalton,johnsch05-2015-ATL
johnsch05,2015,2,CLE,AL,27,90,6,26,4,0,1,7,0,0,3,25,0,0,0,0,2,Christopher Dalton,johnsch05-2015-CLE
johnske05,2015,1,ATL,NL,62,182,20,50,5,0,9,34,1,1,13,43,1,0,0,1,4,Kelly Andrew,johnske05-2015-ATL
johnske05,2015,2,NYN,NL,49,128,18,32,6,0,5,13,1,0,10,38,1,0,0,0,4,Kelly Andrew,johnske05-2015-NYN
johnsmi04,2015,1,CHA,AL,36,100,10,23,4,0,0,4,3,2,9,30,0,2,2,0,0,Micah Drew,johnsmi04-2015-CHA
jonesad01,2015,1,BAL,AL,137,546,74,147,25,3,27,82,3,1,24,102,3,8,0,3,21,Adam La Marque,jonesad01-2015-BAL
jonesga02,2015,1,NYA,AL,57,144,12,31,4,1,5,17,0,0,8,37,0,0,0,0,1,Garrett Thomas,jonesga02-2015-NYA
josepca01,2015,1,BAL,AL,100,320,38,75,16,1,11,49,0,0,27,72,2,3,3,1,7,Caleb Martin,josepca01-2015-BAL
joycema01,2015,1,LAA,AL,93,247,17,43,12,1,5,21,0,3,30,67,1,4,1,2,5,Matthew Ryan,joycema01-2015-LAA
kangju01,2015,1,PIT,NL,126,421,60,121,24,2,15,58,5,4,28,99,0,17,0,1,10,Jung Ho,kangju01-2015-PIT
kempma01,2015,1,SDN,NL,154,596,80,158,31,3,23,100,12,2,39,147,0,5,0,8,17,Matthew Ryan,kempma01-2015-SDN
kendrho01,2015,1,LAN,NL,117,464,64,137,22,2,9,54,6,2,27,82,1,2,1,1,17,Howard Joseph,kendrho01-2015-LAN
kershcl01,2015,1,LAN,NL,34,71,2,9,2,0,0,2,0,0,2,23,0,1,5,0,2,Clayton Edward,kershcl01-2015-LAN
kiermke01,2015,1,TBA,AL,151,505,62,133,25,12,10,40,18,5,24,95,0,2,2,2,7,Kevin James,kiermke01-2015-TBA
kinslia01,2015,1,DET,AL,154,624,94,185,35,7,11,73,10,6,43,80,0,3,0,5,13,Ian Michael,kinslia01-2015-DET
kipnija01,2015,1,CLE,AL,141,565,86,171,43,7,9,52,12,8,57,107,6,9,4,6,5,Jason Michael,kipnija01-2015-CLE
koehlto01,2015,1,MIA,NL,32,50,2,6,1,0,0,1,0,0,2,28,0,0,12,0,1,Thomas R.,koehlto01-2015-MIA
kozmape01,2015,1,SLN,NL,76,99,15,15,0,0,0,2,3,1,10,21,2,1,1,0,0,Peter Michael,kozmape01-2015-SLN
lackejo01,2015,1,SLN,NL,33,62,0,7,2,0,0,3,0,0,4,24,0,0,4,0,2,John Derran,lackejo01-2015-SLN
lagarju01,2015,1,NYN,NL,143,441,47,114,16,5,6,41,7,3,16,87,2,4,1,3,6,Juan Osvaldo,lagarju01-2015-NYN
lakeju01,2015,1,CHN,NL,21,58,2,13,4,0,1,5,4,0,4,20,0,0,0,0,1,Junior Osvaldo,lakeju01-2015-CHN
lambja01,2015,1,ARI,NL,107,350,38,92,15,5,6,34,3,2,36,97,3,1,0,3,5,Jacob Ryan,lambja01-2015-ARI
larocad01,2015,1,CHA,AL,127,429,41,89,21,0,12,44,0,0,49,133,0,4,0,2,10,David Adam,larocad01-2015-CHA
lasteto01,2015,1,CHN,NL,33,67,4,18,6,0,1,11,2,0,5,7,0,1,0,1,1,Thomas F.,lasteto01-2015-CHN
lavarry01,2015,2,ATL,NL,27,66,5,15,5,0,2,6,0,0,8,21,1,0,0,0,4,Ryan Cole,lavarry01-2015-ATL
lawribr01,2015,1,OAK,AL,149,562,64,146,29,3,16,60,5,2,28,144,1,5,3,4,8,Brett Russell,lawribr01-2015-OAK
leakemi01,2015,1,CIN,NL,25,52,3,7,3,0,1,5,0,0,0,25,0,0,4,0,0,Michael Raymond,leakemi01-2015-CIN
lemahdj01,2015,1,COL,NL,150,564,85,170,21,5,6,61,23,3,50,107,4,1,3,2,20,David John,lemahdj01-2015-COL
leonsa01,2015,1,BOS,AL,41,114,8,21,2,0,0,3,0,1,7,28,1,1,6,0,4,Sandy David,leonsa01-2015-BOS
lestejo01,2015,1,CHN,NL,32,62,6,4,0,0,0,0,0,0,3,30,0,0,6,0,1,Jonathan Tyler,lestejo01-2015-CHN
lindad01,2015,1,MIL,NL,149,502,72,139,32,0,20,87,0,0,66,100,11,1,0,3,7,Adam Alan,lindad01-2015-MIL
lindofr01,2015,1,CLE,AL,99,390,50,122,22,4,12,51,12,2,27,69,0,1,13,7,12,Francisco Miguel,lindofr01-2015-CLE
liriafr01,2015,1,PIT,NL,31,65,4,11,2,0,1,7,0,0,0,28,0,0,2,0,0,Francisco Casillas,liriafr01-2015-PIT
lobatjo01,2015,1,WAS,NL,44,136,11,27,4,0,3,20,0,0,15,40,1,1,1,2,5,Jose Manuel,lobatjo01-2015-WAS
loneyja01,2015,1,TBA,AL,104,361,25,101,16,0,4,32,2,4,23,34,5,1,0,3,10,James Anthony,loneyja01-2015-TBA
longoev01,2015,1,TBA,AL,160,604,74,163,35,1,21,73,3,1,51,132,8,6,0,9,11,Evan Michael,longoev01-2015-TBA
loughda01,2015,1,BAL,AL,84,134,14,27,1,1,4,12,2,4,5,36,0,2,3,0,0,David Dennis,loughda01-2015-BAL
lowrije01,2015,1,HOU,AL,69,230,35,51,14,0,9,30,1,0,28,43,5,3,0,2,3,Jed Carlson,lowrije01-2015-HOU
lucrojo01,2015,1,MIL,NL,103,371,51,98,20,3,7,43,1,0,36,64,0,1,1,6,18,Jonathan Charles,lucrojo01-2015-MIL
lynnla01,2015,1,SLN,NL,31,50,3,8,2,0,0,1,0,0,0,26,0,0,5,0,0,Michael Lance,lynnla01-2015-SLN
machadi01,2015,1,DET,AL,24,68,6,16,3,0,0,5,1,0,7,14,0,0,3,0,3,Dixon Javier,machadi01-2015-DET
machama01,2015,1,BAL,AL,162,633,102,181,30,1,35,86,20,8,70,111,2,4,2,4,17,Manuel Arturo,machama01-2015-BAL
mahtomi01,2015,1,TBA,AL,41,105,22,31,5,1,9,19,4,3,6,31,0,3,1,0,0,Michael Anthony,mahtomi01-2015-TBA
maldoma01,2015,1,MIL,NL,79,229,19,48,7,0,4,22,0,1,23,65,3,1,1,2,6,Martin Benjamin,maldoma01-2015-MIL
marisja01,2015,1,HOU,AL,133,339,46,80,15,4,9,36,24,9,18,105,0,5,6,4,2,Jacob Shawn,marisja01-2015-HOU
markani01,2015,1,ATL,NL,156,612,73,181,38,1,3,53,2,1,70,83,11,3,0,1,17,Nicholas William,markani01-2015-ATL
marrede01,2015,1,BOS,AL,25,53,8,12,0,0,1,3,2,1,3,19,0,0,0,0,0,Deven Sommer,marrede01-2015-BOS
marteje01,2015,1,DET,AL,33,80,9,17,4,0,4,11,0,0,8,22,0,0,2,0,2,Jefry Leonal,marteje01-2015-DET
marteke01,2015,1,SEA,AL,57,219,25,62,14,3,2,17,8,4,24,43,0,0,2,2,1,Ketel Ricardo,marteke01-2015-SEA
martest01,2015,1,PIT,NL,153,579,84,166,30,2,19,81,30,10,27,123,3,19,3,5,14,Starling Javier,martest01-2015-PIT
martica04,2015,1,SLN,NL,32,56,2,8,2,0,0,0,0,0,1,23,0,1,5,0,1,Carlos Ernesto,martica04-2015-SLN
martijd02,2015,1,DET,AL,158,596,93,168,33,2,38,102,3,2,53,178,7,5,0,3,11,Julio Daniel,martijd02-2015-DET
martile01,2015,1,TEX,AL,95,288,26,63,12,0,5,25,14,5,16,69,1,2,3,1,5,Leonys,martile01-2015-TEX
martiru01,2015,1,TOR,AL,129,441,76,106,23,2,23,77,4,5,53,106,1,8,0,5,22,Russell Nathan Coltrane,martiru01-2015-TOR
martivi01,2015,1,DET,AL,120,440,39,108,20,0,11,64,0,0,31,52,8,7,0,7,18,Victor Jesus,martivi01-2015-DET
mathije01,2015,1,MIA,NL,32,93,9,15,4,1,2,12,0,0,7,24,1,0,0,3,2,Jeffrey Stephen,mathije01-2015-MIA
mauerjo01,2015,1,MIN,AL,158,592,69,157,34,2,10,66,2,1,67,112,12,1,1,5,22,Joseph Patrick,mauerjo01-2015-MIN
maxweju01,2015,1,SFN,NL,100,249,26,52,8,2,7,26,2,1,20,76,1,3,1,1,4,Justin Adam,maxweju01-2015-SFN
maybejo02,2015,1,NYN,NL,59,110,8,18,6,1,3,9,1,0,9,33,0,0,0,0,2,John Claiborn,maybejo02-2015-NYN
maybica01,2015,1,ATL,NL,141,505,65,135,18,2,10,59,23,6,45,102,1,1,1,3,16,Cameron Keith,maybica01-2015-ATL
mccanbr01,2015,1,NYA,AL,135,465,68,108,15,1,26,94,0,0,52,97,3,11,0,7,7,Brian Michael,mccanbr01-2015-NYA
mccanja02,2015,1,DET,AL,114,401,32,106,18,5,7,41,0,1,16,90,0,3,4,1,17,James Thomas,mccanja02-2015-DET
mccutan01,2015,1,PIT,NL,157,566,91,165,36,3,23,96,11,5,98,133,12,12,0,9,9,Andrew Stefan,mccutan01-2015-PIT
mcgehca01,2015,1,SFN,NL,49,127,7,27,5,0,2,11,0,1,11,28,0,0,0,0,15,Casey Michael,mcgehca01-2015-SFN
mcgehca01,2015,2,MIA,NL,60,110,7,20,7,0,0,9,1,0,10,22,0,0,0,0,3,Casey Michael,mcgehca01-2015-MIA
mckenmi01,2015,1,COL,NL,58,127,20,26,7,3,4,17,2,2,22,41,0,2,0,1,2,Michael Charles,mckenmi01-2015-COL
mercejo03,2015,1,PIT,NL,116,394,34,96,21,0,3,34,3,2,27,73,7,2,4,3,7,Jordy Joe,mercejo03-2015-PIT
middlwi01,2015,1,SDN,NL,83,255,23,54,7,2,9,29,2,1,11,60,0,0,0,4,4,William Scott,middlwi01-2015-SDN
millebr02,2015,1,SEA,AL,144,438,44,113,22,4,11,46,13,4,47,101,0,2,4,6,7,Bradley Austin,millebr02-2015-SEA
millesh01,2015,1,ATL,NL,33,56,1,3,2,0,0,0,0,0,4,29,0,0,11,0,0,Shelby Charles,millesh01-2015-ATL
molinya01,2015,1,SLN,NL,136,488,34,132,23,2,4,61,3,1,32,59,3,0,1,9,16,Yadier Benjamin,molinya01-2015-SLN
monteje01,2015,1,SEA,AL,38,112,11,25,6,0,5,19,0,0,4,32,0,0,0,0,2,Jesus Alejandro,monteje01-2015-SEA
montemi01,2015,1,CHN,NL,113,347,36,86,11,0,15,53,1,1,49,103,5,4,0,3,9,Miguel Angel,montemi01-2015-CHN
moorety01,2015,1,WAS,NL,97,187,14,38,12,0,6,27,0,0,11,45,2,1,0,1,2,Tyler Michael,moorety01-2015-WAS
moralke01,2015,1,KCA,AL,158,569,81,165,41,2,22,106,0,0,58,103,4,8,0,4,24,Kendrys,moralke01-2015-KCA
morelmi01,2015,1,TEX,AL,132,471,51,131,27,0,23,85,1,0,32,112,2,7,0,5,9,Mitchell Austin,morelmi01-2015-TEX
morneju01,2015,1,COL,NL,49,168,19,52,10,3,3,15,0,0,13,25,2,1,0,0,2,Justin Ernest George,morneju01-2015-COL
morrilo01,2015,1,SEA,AL,146,457,47,103,15,3,17,54,8,4,47,81,5,4,1,2,7,Justis Logan,morrilo01-2015-SEA
morsemi01,2015,1,MIA,NL,53,160,8,34,4,0,4,12,0,0,12,55,0,2,0,0,6,Michael John,morsemi01-2015-MIA
morsemi01,2015,2,PIT,NL,45,69,6,19,3,1,1,7,0,0,11,21,0,2,0,0,4,Michael John,morsemi01-2015-PIT
mossbr01,2015,1,CLE,AL,94,337,36,73,17,1,15,50,0,0,32,106,2,3,0,3,9,Brandon Douglas,mossbr01-2015-CLE
mossbr01,2015,2,SLN,NL,51,132,11,33,7,1,4,8,0,1,17,42,2,2,0,0,3,Brandon Douglas,mossbr01-2015-SLN
moustmi01,2015,1,KCA,AL,147,549,73,156,34,1,22,82,1,2,43,76,1,13,4,5,14,Michael Christopher,moustmi01-2015-KCA
muncyma01,2015,1,OAK,AL,45,102,14,21,8,1,3,9,0,0,9,31,0,0,0,1,0,Maxwell Steven,muncyma01-2015-OAK
murphda07,2015,1,CLE,AL,84,206,22,61,12,1,5,27,0,1,16,29,1,1,1,4,4,David Matthew,murphda07-2015-CLE
murphda07,2015,2,LAA,AL,48,155,16,41,6,0,5,23,0,1,4,20,0,0,0,1,2,David Matthew,murphda07-2015-LAA
murphda08,2015,1,NYN,NL,130,499,56,140,38,2,14,73,2,2,31,38,10,2,0,6,15,Daniel Thomas,murphda08-2015-NYN
murphjr01,2015,1,NYA,AL,67,155,21,43,9,1,3,14,0,0,12,43,0,1,1,3,4,John Ryan,murphjr01-2015-NYA
myerswi01,2015,1,SDN,NL,60,225,40,57,13,1,8,29,5,2,27,55,0,1,0,0,2,William Bradford,myerswi01-2015-SDN
napolmi01,2015,1,BOS,AL,98,329,37,68,18,1,13,40,3,1,45,99,2,3,0,1,10,Michael Anthony,napolmi01-2015-BOS
napolmi01,2015,2,TEX,AL,35,78,9,23,2,0,5,10,0,2,12,19,1,1,0,0,1,Michael Anthony,napolmi01-2015-TEX
navada01,2015,1,BOS,AL,29,66,6,10,2,0,0,7,0,0,8,17,0,2,1,1,3,Daniel James,navada01-2015-BOS
navada01,2015,2,TBA,AL,31,73,7,17,2,0,1,3,1,0,12,19,0,3,0,0,1,Daniel James,navada01-2015-TBA
navardi01,2015,1,TOR,AL,54,171,17,42,7,0,5,20,0,0,17,29,1,0,0,4,0,Dioner Favian,navardi01-2015-TOR
navaref01,2015,1,LAA,AL,54,83,9,21,4,0,0,5,0,2,5,16,1,0,0,0,5,Efren,navaref01-2015-LAA
negrokr01,2015,1,CIN,NL,43,93,5,13,2,0,0,2,2,0,9,23,0,3,2,0,2,Kristopher David,negrokr01-2015-CIN
nelsoji02,2015,1,MIL,NL,30,55,1,6,1,0,0,2,0,0,1,34,0,0,3,0,0,James Jacob,nelsoji02-2015-MIL
niesejo01,2015,1,NYN,NL,33,52,5,9,1,0,0,4,0,0,5,18,0,0,3,0,0,Jonathon Joseph,niesejo01-2015-NYN
nieuwki01,2015,3,NYN,NL,37,68,14,19,7,0,4,11,0,1,6,23,0,3,0,0,2,Kirk Robert,nieuwki01-2015-NYN
norride01,2015,1,SDN,NL,147,515,65,129,33,2,14,62,4,1,35,131,1,6,0,1,5,Derek Russell,norride01-2015-SDN
nunezed02,2015,1,MIN,AL,72,188,23,53,14,1,4,20,8,4,12,29,0,1,2,1,1,Eduardo Michelle,nunezed02-2015-MIN
odorro01,2015,1,TEX,AL,120,426,54,111,21,9,16,61,6,7,23,79,2,14,2,5,3,Rougned Roberto,odorro01-2015-TEX
olivehe01,2015,1,ATL,NL,24,79,4,20,4,1,2,11,0,0,5,12,0,2,0,1,2,Hector,olivehe01-2015-ATL
oltmi01,2015,2,CHA,AL,24,79,6,16,0,0,3,4,0,1,7,29,0,0,0,0,2,Michael George,oltmi01-2015-CHA
orlanpa01,2015,1,KCA,AL,86,241,31,60,14,6,7,27,3,3,5,53,0,2,2,1,0,Paulo Roberto,orlanpa01-2015-KCA
ortizda01,2015,1,BOS,AL,146,528,73,144,37,0,37,108,0,1,77,95,16,0,0,9,16,David Americo,ortizda01-2015-BOS
owingch01,2015,1,ARI,NL,147,515,59,117,27,5,4,43,16,4,26,144,3,1,7,3,9,Christopher Scott,owingch01-2015-ARI
ozunama01,2015,1,MIA,NL,123,459,47,119,27,0,10,44,2,3,30,110,1,3,0,2,10,Marcell,ozunama01-2015-MIA
pachejo01,2015,1,ARI,NL,29,66,8,16,0,0,2,8,1,0,9,14,0,1,0,2,6,Jordan Patrick,pachejo01-2015-ARI
paganan01,2015,1,SFN,NL,133,512,55,134,21,3,3,37,12,4,32,93,0,1,0,6,12,Angel Manuel,paganan01-2015-SFN
panikjo01,2015,1,SFN,NL,100,382,59,119,27,2,8,37,3,2,38,42,0,5,3,4,7,Joseph Matthew,panikjo01-2015-SFN
paredji01,2015,1,BAL,AL,104,363,46,100,17,2,10,42,4,4,19,111,0,0,0,2,8,Jimmy Santiago,paredji01-2015-BAL
parkeky01,2015,1,COL,NL,46,106,10,19,3,1,3,11,1,0,6,37,0,0,0,0,2,Kyle James,parkeky01-2015-COL
parmech01,2015,1,BAL,AL,32,97,11,21,7,1,4,9,0,1,4,26,0,1,0,0,1,Christopher Matthew,parmech01-2015-BAL
parrage01,2015,1,MIL,NL,100,323,53,106,24,5,9,31,9,3,20,57,2,3,1,4,7,Gerardo Enrique,parrage01-2015-MIL
parrage01,2015,2,BAL,AL,55,224,30,53,12,0,5,20,5,1,8,35,1,2,3,1,1,Gerardo Enrique,parrage01-2015-BAL
paulsbe01,2015,1,COL,NL,116,325,42,90,19,4,11,49,1,2,23,92,0,2,1,3,5,Benjamin Michael,paulsbe01-2015-COL
pearcst01,2015,1,BAL,AL,92,294,42,64,13,1,15,40,1,1,23,69,1,7,0,1,11,Steven Wayne,pearcst01-2015-BAL
pederjo01,2015,1,LAN,NL,151,480,67,101,19,1,26,54,4,7,92,170,6,9,2,2,5,Joc Russell,pederjo01-2015-LAN
pedrodu01,2015,1,BOS,AL,93,381,46,111,19,1,12,42,2,2,38,51,1,2,1,3,6,Dustin Luis,pedrodu01-2015-BOS
pegueca01,2015,1,TEX,AL,30,70,10,13,4,0,4,9,2,0,12,36,0,1,0,1,1,Carlos Angel,pegueca01-2015-TEX
penabr01,2015,1,CIN,NL,108,333,17,91,17,0,0,18,2,0,29,34,1,2,2,1,10,Brayan Eduardo,penabr01-2015-CIN
pencehu01,2015,1,SFN,NL,52,207,30,57,13,1,9,40,4,1,16,48,0,0,0,0,8,Hunter Andrew,pencehu01-2015-SFN
pennicl01,2015,1,ARI,NL,72,135,15,32,3,0,1,10,3,0,16,29,2,0,4,2,4,Clifton Randolph,pennicl01-2015-ARI
pennicl01,2015,2,TOR,AL,33,75,9,12,3,0,2,11,0,0,11,20,0,1,3,2,2,Clifton Randolph,pennicl01-2015-TOR
peralda01,2015,1,ARI,NL,149,462,61,144,26,10,17,78,9,4,44,107,2,4,0,7,7,Senger David,peralda01-2015-ARI
peraljh01,2015,1,SLN,NL,155,579,64,159,26,1,17,71,1,4,50,111,6,5,0,6,23,Jhonny Antonio,peraljh01-2015-SLN
perezca02,2015,1,LAA,AL,86,260,20,65,13,0,4,21,2,0,19,49,0,0,2,2,7,Carlos Eduardo,perezca02-2015-LAA
perezeu01,2015,1,ATL,NL,47,119,10,32,4,0,0,5,3,1,7,23,1,4,3,0,3,Eury Eduardo,perezeu01-2015-ATL
perezhe01,2015,2,MIL,NL,90,230,13,62,15,2,1,21,4,1,4,48,1,0,3,1,4,Hernan Alejandro,perezhe01-2015-MIL
perezro02,2015,1,CLE,AL,70,184,30,42,9,1,7,21,0,0,33,64,1,2,5,2,9,Roberto,perezro02-2015-CLE
perezsa02,2015,1,KCA,AL,142,531,52,138,25,0,21,70,1,0,13,82,4,4,0,5,23,Salvador Johan,perezsa02-2015-KCA
peterja01,2015,1,ATL,NL,152,528,55,126,23,5,6,52,12,10,56,120,4,3,7,3,5,Jace Ryan,peterja01-2015-ATL
petersh01,2015,1,MIL,NL,93,201,22,52,7,3,2,16,0,1,20,55,1,0,3,1,3,Shane Aaron,petersh01-2015-MIL
phamth01,2015,1,SLN,NL,52,153,28,41,7,5,5,18,2,0,19,41,1,0,0,1,1,Thomas James,phamth01-2015-SLN
phegljo01,2015,1,OAK,AL,73,225,27,56,16,1,9,34,0,0,14,51,0,3,0,1,5,Joshua Aaron,phegljo01-2015-OAK
phillbr01,2015,1,CIN,NL,148,588,69,173,19,2,12,70,23,3,27,68,1,4,1,3,13,Brandon Emil,phillbr01-2015-CIN
pierzaj01,2015,1,ATL,NL,113,407,38,122,24,1,9,49,0,2,19,37,2,7,0,3,19,Anthony John,pierzaj01-2015-ATL
pillake01,2015,1,TOR,AL,159,586,76,163,31,2,12,56,25,4,28,85,1,5,4,5,9,Kevin Andrew,pillake01-2015-TOR
pireljo01,2015,1,NYA,AL,37,74,7,17,3,0,1,5,1,0,2,16,0,0,1,1,4,Jose Manuel,pireljo01-2015-NYA
piscost01,2015,1,SLN,NL,63,233,29,71,15,4,7,39,2,1,20,56,2,1,0,2,7,Stephen Edward,piscost01-2015-SLN
plaweke01,2015,1,NYN,NL,73,233,18,51,9,0,3,21,0,0,17,60,4,4,1,3,4,Kevin Jeffrey,plaweke01-2015-NYN
plouftr01,2015,1,MIN,AL,152,573,74,140,35,4,22,86,2,1,50,124,0,4,1,4,28,Trevor Patrick,plouftr01-2015-MIN
polangr01,2015,1,PIT,NL,153,593,83,152,35,6,9,52,27,10,55,121,6,1,1,2,5,Gregory,polangr01-2015-PIT
polloaj01,2015,1,ARI,NL,157,609,111,192,39,6,20,76,39,7,53,89,0,2,0,9,19,Allen Lorenz,polloaj01-2015-ARI
pompeda01,2015,1,TOR,AL,34,94,17,21,8,0,2,6,5,1,7,23,0,2,0,0,1,Dalton Kenrick,pompeda01-2015-TOR
poseybu01,2015,1,SFN,NL,150,557,74,177,28,0,19,95,2,0,56,52,10,3,0,7,17,Gerald Dempsey,poseybu01-2015-SFN
pradoma01,2015,1,MIA,NL,129,500,52,144,22,2,9,63,1,0,37,68,4,5,1,8,9,Martin Manuel,pradoma01-2015-MIA
puigya01,2015,1,LAN,NL,79,282,30,72,12,3,11,38,3,3,26,66,1,2,0,1,1,Yasiel,puigya01-2015-LAN
pujolal01,2015,1,LAA,AL,157,602,85,147,22,0,40,95,5,3,50,72,10,6,0,3,15,Jose Alberto,pujolal01-2015-LAA
raburry01,2015,1,CLE,AL,82,173,22,52,16,1,8,29,0,0,23,44,3,4,0,1,5,Ryan Neil,raburry01-2015-CLE
ramiral03,2015,1,CHA,AL,154,583,54,145,33,0,10,62,17,7,31,68,2,1,1,6,18,Alexei Fernando,ramiral03-2015-CHA
ramirar01,2015,1,MIL,NL,81,279,25,69,18,0,11,42,1,0,16,42,3,4,0,3,12,Aramis,ramirar01-2015-MIL
ramirar01,2015,2,PIT,NL,56,196,18,48,13,1,6,33,0,0,15,26,0,1,0,2,11,Aramis,ramirar01-2015-PIT
ramirha01,2015,1,BOS,AL,105,401,59,100,12,1,19,53,6,3,21,71,2,4,0,4,11,Hanley,ramirha01-2015-BOS
ramirjo01,2015,1,CLE,AL,97,315,50,69,14,3,6,27,10,4,32,39,0,1,5,2,5,Jose Enrique,ramirjo01-2015-CLE
ramoswi01,2015,1,WAS,NL,128,475,41,109,16,0,15,68,0,0,21,101,2,0,0,8,16,Wilson Abraham,ramoswi01-2015-WAS
rasmuco01,2015,1,HOU,AL,137,432,67,103,23,2,25,61,2,1,47,154,0,2,1,3,6,Colby Ryan,rasmuco01-2015-HOU
realmjt01,2015,1,MIA,NL,126,441,49,114,21,7,10,47,8,4,19,70,2,2,1,4,11,Jacob Tyler,realmjt01-2015-MIA
reckean01,2015,1,NYN,NL,32,80,6,10,1,0,2,5,1,0,11,35,2,1,0,0,1,Anthony Vito,reckean01-2015-NYN
reddijo01,2015,1,OAK,AL,149,526,67,143,25,4,20,77,10,2,49,65,1,0,1,2,7,William Joshua,reddijo01-2015-OAK
reimono01,2015,1,BAL,AL,61,170,24,42,5,1,6,20,0,0,23,47,2,2,0,0,2,Nolan G.,reimono01-2015-BAL
rendoan01,2015,1,WAS,NL,80,311,43,82,16,0,5,25,1,2,36,70,0,4,0,4,8,Anthony Michael,rendoan01-2015-WAS
reverbe01,2015,1,PHI,NL,96,366,49,109,13,6,1,26,24,5,19,36,0,1,2,0,4,Ben Daniel,reverbe01-2015-PHI
reverbe01,2015,2,TOR,AL,56,226,35,72,9,1,1,19,7,2,13,28,0,1,3,3,1,Ben Daniel,reverbe01-2015-TOR
reyesjo01,2015,1,TOR,AL,69,288,36,82,17,0,4,34,16,2,17,38,0,0,4,2,3,Jose Bernabe,reyesjo01-2015-TOR
reyesjo01,2015,2,COL,NL,47,193,21,50,8,2,3,19,8,4,9,24,0,0,5,1,3,Jose Bernabe,reyesjo01-2015-COL
reynoma01,2015,1,SLN,NL,140,382,35,88,21,2,13,48,2,3,44,121,2,4,0,2,10,Mark Andrew,reynoma01-2015-SLN
riosal01,2015,1,KCA,AL,105,385,40,98,22,2,4,32,9,0,15,67,0,5,0,6,10,Alexis Israel,riosal01-2015-KCA
riverre01,2015,1,TBA,AL,110,298,16,53,14,0,5,26,0,0,11,86,0,3,5,2,4,Rene,riverre01-2015-TBA
rizzoan01,2015,1,CHN,NL,160,586,94,163,38,3,31,101,17,6,78,105,9,30,0,7,9,Anthony Vincent,rizzoan01-2015-CHN
roberda09,2015,1,LAA,AL,37,75,10,21,2,0,0,7,0,0,2,7,1,0,3,0,1,Daniel Roger,roberda09-2015-LAA
robincl01,2015,1,WAS,NL,126,309,44,84,15,1,10,34,0,0,37,52,4,5,0,1,6,Clinton Michael,robincl01-2015-WAS
robinsh01,2015,1,MIN,AL,83,180,28,45,7,3,0,16,6,1,12,29,0,1,3,1,4,Shane Michael,robinsh01-2015-MIN
rodrial01,2015,1,NYA,AL,151,523,83,131,22,1,33,86,4,0,84,145,5,6,0,7,17,Alexander Enmanuel,rodrial01-2015-NYA
rodrise01,2015,1,PIT,NL,139,224,25,55,12,1,4,17,2,2,5,63,0,6,5,0,9,Sean John,rodrise01-2015-PIT
rogerja02,2015,1,MIL,NL,86,152,22,45,6,2,4,16,0,0,15,34,0,2,0,0,2,Jason Douglas,rogerja02-2015-MIL
rojasmi02,2015,1,MIA,NL,60,142,13,40,7,1,1,17,0,1,11,16,1,0,2,2,4,Miguel Elias,rojasmi02-2015-MIA
rolliji01,2015,1,LAN,NL,144,517,71,116,24,3,13,41,12,8,44,86,0,0,1,1,12,James Calvin,rolliji01-2015-LAN
rominan01,2015,1,DET,AL,109,184,25,47,5,0,2,15,10,5,11,46,1,3,4,1,4,Andrew James,rominan01-2015-DET
rosalad01,2015,1,TEX,AL,55,114,14,26,4,0,3,7,4,4,10,30,0,1,0,0,4,Adam Marcos,rosalad01-2015-TEX
rosared01,2015,1,MIN,AL,122,453,60,121,18,15,13,50,11,6,15,118,3,0,3,3,5,Eddie Manuel,rosared01-2015-MIN
rosarwi01,2015,1,COL,NL,87,231,22,62,14,1,6,29,2,1,8,56,2,1,1,1,8,Wilin Arismendy,rosarwi01-2015-COL
rossda01,2015,1,CHN,NL,72,159,6,28,9,0,1,9,1,0,20,61,7,0,2,1,1,David Wade,rossda01-2015-CHN
rossty01,2015,1,SDN,NL,34,56,6,14,1,1,1,6,0,0,2,19,0,1,8,1,1,Tyson William,rossty01-2015-SDN
ruary01,2015,1,TEX,AL,28,83,10,16,5,0,4,7,0,0,3,32,0,0,0,0,2,Ryan,ruary01-2015-TEX
rufda01,2015,1,PHI,NL,106,268,30,63,12,0,12,39,1,0,21,69,0,5,0,3,7,Darin Cortland,rufda01-2015-PHI
ruggiju01,2015,1,SEA,AL,36,70,8,15,4,0,2,3,3,2,11,27,0,0,0,0,0,Justin Marshall,ruggiju01-2015-SEA
ruggiju01,2015,2,LAN,NL,21,55,12,16,4,1,4,12,2,0,3,14,0,2,0,0,1,Justin Marshall,ruggiju01-2015-LAN
ruizca01,2015,1,PHI,NL,86,284,23,60,13,1,2,22,1,1,28,43,2,4,3,1,13,Carlos Joaquin,ruizca01-2015-PHI
ruppca01,2015,1,PHI,NL,81,270,24,63,9,1,9,28,0,1,24,71,5,3,0,2,8,Cameron Arthur,ruppca01-2015-PHI
russead02,2015,1,CHN,NL,142,475,60,115,29,1,13,54,4,3,42,149,2,3,1,2,8,Addison Warren,russead02-2015-CHN
rutlejo01,2015,1,BOS,AL,39,74,11,21,1,0,1,10,0,0,5,26,1,2,1,3,0,Joshua Alan,rutlejo01-2015-BOS
ryanbr01,2015,1,NYA,AL,47,96,10,22,6,2,0,8,0,0,5,29,0,1,1,0,1,Brendan Wood,ryanbr01-2015-NYA
saladty01,2015,1,CHA,AL,68,236,33,53,6,4,4,20,8,2,12,51,0,2,3,1,9,Tyler Artolo,saladty01-2015-CHA
saltaja01,2015,2,ARI,NL,70,171,23,43,14,0,8,23,0,0,19,57,0,2,1,1,3,Jarrod Scott,saltaja01-2015-ARI
sanchca01,2015,1,CHA,AL,120,389,40,87,23,1,5,31,2,2,19,81,0,5,6,1,9,Yolmer Carlos,sanchca01-2015-CHA
sanchhe01,2015,1,SFN,NL,28,56,5,10,4,0,1,5,0,0,2,14,0,0,1,0,1,Hector Enrique,sanchhe01-2015-SFN
sandopa01,2015,1,BOS,AL,126,470,43,115,25,1,10,47,0,0,25,73,1,7,1,2,14,Pablo Emilio,sandopa01-2015-BOS
sandsje01,2015,1,CLE,AL,50,123,11,29,5,1,4,19,0,0,9,36,0,0,0,1,0,Gerald Robert,sandsje01-2015-CLE
sanomi01,2015,1,MIN,AL,80,279,46,75,17,1,18,52,1,1,53,119,1,1,0,2,4,Miguel Angel,sanomi01-2015-MIN
santaca01,2015,1,CLE,AL,154,550,72,127,29,2,19,85,11,3,108,122,8,3,0,5,20,Carlos,santaca01-2015-CLE
santada01,2015,1,MIN,AL,91,261,30,56,10,5,0,21,8,4,6,68,1,3,7,0,7,Daniel Ernesto,santada01-2015-MIN
santado01,2015,2,MIL,NL,38,121,14,28,5,0,6,18,2,0,18,46,0,4,0,2,1,Domingo Alberto,santado01-2015-MIL
sardilu01,2015,1,MIL,NL,36,97,8,19,0,1,0,4,0,0,6,25,1,0,1,1,3,Luis Alexander,sardilu01-2015-MIL
schafjo02,2015,1,MIN,AL,27,69,9,15,3,0,0,5,0,3,3,23,0,0,2,0,0,Jordan James,schafjo02-2015-MIN
schaflo01,2015,1,MIL,NL,69,122,17,27,6,1,1,6,1,0,12,29,0,2,6,1,3,Logan Edward,schaflo01-2015-MIL
scherma01,2015,1,WAS,NL,34,69,4,15,0,0,0,0,0,0,2,23,0,0,6,0,0,Maxwell M.,scherma01-2015-WAS
schoojo01,2015,1,BAL,AL,86,305,34,85,17,0,15,39,2,0,9,79,0,4,1,2,9,Jonathan Rufino Jezus,schoojo01-2015-BAL
schumsk01,2015,1,CIN,NL,131,244,23,59,20,0,1,21,2,2,23,51,2,0,0,1,7,Jared Michael,schumsk01-2015-CIN
schwaky01,2015,1,CHN,NL,69,232,52,57,6,1,16,43,3,3,36,77,1,4,0,1,4,Kyle Joseph,schwaky01-2015-CHN
seageco01,2015,1,LAN,NL,27,98,17,33,8,1,4,17,2,0,14,19,1,1,0,0,2,Corey Drew,seageco01-2015-LAN
seageky01,2015,1,SEA,AL,161,623,85,166,37,0,26,74,6,6,54,98,6,5,0,4,17,Kyle Duerr,seageky01-2015-SEA
segurje01,2015,1,MIL,NL,142,560,57,144,16,5,6,50,25,6,13,93,2,6,3,2,14,Jean Carlos Enrique,segurje01-2015-MIL
semiema01,2015,1,OAK,AL,155,556,65,143,23,7,15,45,11,5,42,132,1,1,1,1,16,Marcus Andrew,semiema01-2015-OAK
shaffri01,2015,1,TBA,AL,31,74,11,14,3,0,4,6,0,1,10,32,0,3,0,1,2,Richard Michael,shaffri01-2015-TBA
shawtr01,2015,1,BOS,AL,65,226,31,61,10,0,13,36,0,1,18,57,1,2,0,2,1,Travis R.,shawtr01-2015-BOS
shielja02,2015,1,SDN,NL,36,68,7,9,2,0,0,2,0,0,1,28,0,0,5,0,0,James Anthony,shielja02-2015-SDN
shuckja01,2015,1,CHA,AL,79,143,15,38,8,2,0,15,7,5,16,16,0,1,3,2,2,Jack Burdett,shuckja01-2015-CHA
simmoan01,2015,1,ATL,NL,147,535,60,142,23,2,4,44,5,3,39,48,6,6,1,2,19,Andrelton A.,simmoan01-2015-ATL
sizemgr01,2015,1,PHI,NL,39,98,4,24,5,0,0,6,0,0,6,23,0,0,0,0,2,Grady,sizemgr01-2015-PHI
sizemgr01,2015,2,TBA,AL,58,175,20,45,12,0,6,27,3,3,14,37,0,2,0,1,1,Grady,sizemgr01-2015-TBA
smithse01,2015,1,SEA,AL,136,395,54,98,31,5,12,42,0,0,47,99,4,4,1,5,15,Garry Seth,smithse01-2015-SEA
smoakju01,2015,1,TOR,AL,132,296,44,67,16,1,18,59,0,0,29,86,0,2,0,1,10,Justin Kyle,smoakju01-2015-TOR
smolija01,2015,1,TEX,AL,35,60,12,8,1,0,1,6,1,0,11,20,0,1,0,2,1,Jacob Michael,smolija01-2015-TEX
smolija01,2015,2,OAK,AL,41,106,12,24,6,2,5,20,0,1,8,19,0,2,0,2,2,Jacob Michael,smolija01-2015-OAK
snidetr01,2015,1,BAL,AL,69,211,23,50,9,2,3,20,1,0,23,56,1,2,0,0,3,Travis James,snidetr01-2015-BAL
sogarer01,2015,1,OAK,AL,120,372,40,92,12,3,1,37,6,1,23,50,1,2,3,1,9,Eric Sidney,sogarer01-2015-OAK
solando01,2015,1,MIA,NL,55,90,6,17,3,1,0,7,0,0,1,18,0,2,1,0,4,Donovan,solando01-2015-MIA
solarya01,2015,1,SDN,NL,152,526,63,142,33,4,14,63,1,0,34,56,0,6,2,3,15,Yangervis Alfredo,solarya01-2015-SDN
solerjo01,2015,1,CHN,NL,101,366,39,96,18,1,10,47,3,1,32,121,5,3,0,3,9,Jorge Carlos,solerjo01-2015-CHN
sotoge01,2015,1,CHA,AL,78,187,20,41,8,0,9,21,0,1,21,63,0,1,1,0,2,Geovany,sotoge01-2015-CHA
souzast01,2015,1,TBA,AL,110,373,59,84,15,1,16,40,12,6,46,144,0,5,1,1,7,Steven Jeffrey,souzast01-2015-TBA
spande01,2015,1,WAS,NL,61,246,38,74,17,0,5,22,11,0,25,26,0,1,1,2,5,Keiunta Denard,spande01-2015-WAS
spangco01,2015,1,SDN,NL,108,303,38,82,17,5,4,21,9,4,28,75,1,2,8,3,4,Cory Joseph,spangco01-2015-SDN
springe01,2015,1,HOU,AL,102,388,59,107,19,2,16,41,16,4,50,109,0,8,2,3,4,George Chelston,springe01-2015-HOU
stantmi03,2015,1,MIA,NL,74,279,47,74,12,1,27,67,4,2,34,95,6,2,0,3,5,Giancarlo Cruz-Michael,stantmi03-2015-MIA
stewach01,2015,1,PIT,NL,58,159,9,46,8,0,0,15,0,0,6,29,0,2,3,2,3,Christopher David,stewach01-2015-PIT
stubbdr01,2015,1,COL,NL,51,102,14,22,3,2,5,10,2,1,9,50,1,1,2,0,1,Robert Andrew,stubbdr01-2015-COL
suareeu01,2015,1,CIN,NL,97,372,42,104,19,2,13,48,4,1,17,94,0,3,4,2,7,Eugenio Alejandro,suareeu01-2015-CIN
sucreje01,2015,1,SEA,AL,52,127,9,20,6,0,1,7,0,0,6,21,0,0,9,0,6,Jesus Marcelo,sucreje01-2015-SEA
susacan01,2015,1,SFN,NL,52,133,14,29,7,2,3,14,0,0,14,43,0,1,0,0,2,Andrew John,susacan01-2015-SFN
suzukic01,2015,1,MIA,NL,153,398,45,91,5,6,1,21,11,5,31,51,1,0,5,4,8,Ichiro,suzukic01-2015-MIA
suzukku01,2015,1,MIN,AL,131,433,36,104,17,0,5,50,0,0,29,59,4,7,6,4,14,Kurt Kiyoshi,suzukku01-2015-MIN
sweenda02,2015,1,PHI,NL,37,85,9,15,4,1,3,11,0,2,13,27,0,0,0,0,1,Darnell Thomas,sweenda02-2015-PHI
swihabl01,2015,1,BOS,AL,84,288,47,79,17,1,5,31,4,2,18,77,0,1,2,0,8,Blake Aubry,swihabl01-2015-BOS
swishni01,2015,1,CLE,AL,30,101,6,20,4,0,2,8,0,0,8,24,1,1,0,1,2,Nicholas Thomas,swishni01-2015-CLE
swishni01,2015,2,ATL,NL,46,118,8,23,5,0,4,17,0,0,27,30,0,2,0,2,7,Nicholas Thomas,swishni01-2015-ATL
szczuma01,2015,1,CHN,NL,47,72,5,16,5,0,1,8,2,0,6,15,0,0,1,1,1,Matthew,szczuma01-2015-CHN
tayloch03,2015,1,SEA,AL,37,94,9,16,3,1,0,1,3,2,6,31,0,0,2,0,0,Christopher Armand,tayloch03-2015-SEA
taylomi02,2015,1,WAS,NL,138,472,49,108,15,2,14,63,16,3,35,158,9,1,1,2,5,Michael Anthony,taylomi02-2015-WAS
teherju01,2015,1,ATL,NL,33,52,0,5,0,0,0,2,0,0,2,9,0,0,14,0,0,Julio Alberto,teherju01-2015-ATL
teixema01,2015,1,NYA,AL,111,392,57,100,22,0,31,79,2,0,59,85,6,6,0,5,7,Mark Charles,teixema01-2015-NYA
tejadru01,2015,1,NYN,NL,116,360,36,94,23,0,3,28,2,1,38,70,5,5,2,2,6,Ruben Dario,tejadru01-2015-NYN
terdojo01,2015,1,ATL,NL,28,56,5,12,4,1,1,4,0,0,3,14,1,0,0,0,1,Joseph Thomas,terdojo01-2015-ATL
thomptr01,2015,1,CHA,AL,44,122,17,36,8,3,5,16,1,0,13,26,0,0,0,0,3,Trayce Nikolas,thomptr01-2015-CHA
tomasya01,2015,1,ARI,NL,118,406,40,111,19,3,9,48,5,2,17,110,0,2,0,1,16,Yasmany,tomasya01-2015-ARI
tomlike01,2015,1,SFN,NL,54,178,23,54,6,3,2,20,5,4,14,40,0,1,0,0,3,Kelby Aaron,tomlike01-2015-SFN
travide01,2015,1,TOR,AL,62,217,38,66,18,0,8,35,3,1,18,43,0,2,0,1,4,Devon Anthony,travide01-2015-TOR
troutmi01,2015,1,LAA,AL,159,575,104,172,32,6,41,90,11,7,92,158,14,10,0,5,11,Michael Nelson,troutmi01-2015-LAA
trumbma01,2015,1,ARI,NL,46,174,23,45,10,3,9,23,0,0,10,39,0,0,0,0,4,Mark Daniel,trumbma01-2015-ARI
trumbma01,2015,2,SEA,AL,96,334,39,88,13,0,13,41,0,0,26,93,1,0,0,1,8,Mark Daniel,trumbma01-2015-SEA
tuckepr01,2015,1,HOU,AL,98,300,35,73,19,0,13,33,0,2,20,68,0,3,0,0,3,Preston M.,tuckepr01-2015-HOU
tulowtr01,2015,1,COL,NL,87,323,46,97,19,0,12,53,0,0,24,72,4,1,0,3,13,Troy Trever,tulowtr01-2015-COL
tulowtr01,2015,2,TOR,AL,41,163,31,39,8,0,5,17,1,0,14,42,1,5,0,1,4,Troy Trever,tulowtr01-2015-TOR
turneju01,2015,1,LAN,NL,126,385,55,113,26,1,16,60,5,2,36,71,1,13,1,4,10,Justin Matthew,turneju01-2015-LAN
ugglada01,2015,1,WAS,NL,67,120,12,22,4,2,2,16,0,1,19,40,0,1,0,1,3,Daniel Cooley,ugglada01-2015-WAS
uptonbj01,2015,1,SDN,NL,87,205,23,53,12,4,5,17,9,3,21,62,2,0,2,0,1,Melvin Emanuel,uptonbj01-2015-SDN
uptonju01,2015,1,SDN,NL,150,542,85,136,26,3,26,81,19,5,68,159,5,4,0,5,10,Justin Irvin,uptonju01-2015-SDN
uribeju01,2015,1,LAN,NL,29,81,6,20,2,0,1,6,1,0,5,9,0,0,0,1,5,Juan C.,uribeju01-2015-LAN
uribeju01,2015,2,ATL,NL,46,151,17,43,6,0,7,17,1,0,15,37,2,1,0,0,5,Juan C.,uribeju01-2015-ATL
uribeju01,2015,3,NYN,NL,44,128,17,28,9,0,6,20,0,0,14,34,1,1,0,0,2,Juan C.,uribeju01-2015-NYN
urshegi01,2015,1,CLE,AL,81,267,25,60,8,1,6,21,0,1,18,58,0,2,1,0,9,Giovanny,urshegi01-2015-CLE
utleych01,2015,1,PHI,NL,73,249,23,54,12,1,5,30,3,0,22,35,4,4,0,7,6,Chase Cameron,utleych01-2015-PHI
utleych01,2015,2,LAN,NL,34,124,14,25,9,1,3,9,1,0,10,29,0,6,0,1,1,Chase Cameron,utleych01-2015-LAN
valbulu01,2015,1,HOU,AL,132,434,62,97,18,0,25,56,1,0,50,106,1,6,0,3,13,Luis Adan,valbulu01-2015-HOU
valenda01,2015,1,TOR,AL,58,162,26,48,13,0,7,29,2,1,9,40,0,0,1,1,4,Daniel Paul,valenda01-2015-TOR
valenda01,2015,2,OAK,AL,47,183,33,52,10,1,11,37,0,1,20,40,3,1,0,1,9,Daniel Paul,valenda01-2015-OAK
vanslsc01,2015,1,LAN,NL,96,222,19,53,14,0,6,30,3,1,23,62,2,4,1,3,5,Scott T.,vanslsc01-2015-LAN
vargake01,2015,1,MIN,AL,58,175,18,42,4,0,5,17,0,0,9,54,0,0,0,0,7,Kennys,vargake01-2015-MIN
venabwi01,2015,1,SDN,NL,98,283,34,73,10,3,6,30,11,1,25,73,1,0,0,0,8,William Dion,venabwi01-2015-SDN
venabwi01,2015,2,TEX,AL,37,66,6,12,3,0,0,3,5,0,12,21,2,2,2,0,0,William Dion,venabwi01-2015-TEX
victosh01,2015,1,BOS,AL,33,94,10,23,2,0,1,4,5,0,9,14,0,2,1,0,3,Shane Patrick,victosh01-2015-BOS
victosh01,2015,2,LAA,AL,38,84,9,18,2,2,0,3,2,0,7,18,1,3,2,2,1,Shane Patrick,victosh01-2015-LAA
villajo01,2015,1,HOU,AL,53,116,18,33,7,1,2,11,7,2,10,29,0,0,1,1,3,Jonathan Rafael,villajo01-2015-HOU
vogtst01,2015,1,OAK,AL,136,445,58,116,21,3,18,71,0,2,56,97,6,2,0,8,9,Stephen Guy,vogtst01-2015-OAK
vottojo01,2015,1,CIN,NL,158,545,95,171,33,2,29,80,11,3,143,135,15,5,0,2,11,Joseph Daniel,vottojo01-2015-CIN
wachami01,2015,1,SLN,NL,30,52,5,8,1,0,0,4,1,0,4,20,0,0,6,0,0,Michael Joseph,wachami01-2015-SLN
walkene01,2015,1,PIT,NL,151,543,69,146,32,3,16,71,4,1,44,110,5,8,0,8,9,Neil Martin,walkene01-2015-PIT
wallabr01,2015,1,SDN,NL,64,96,14,29,6,0,5,16,0,0,10,31,1,1,0,0,1,Brett Alexander,wallabr01-2015-SDN
weeksri01,2015,1,SEA,AL,37,84,7,14,1,0,2,9,0,0,9,25,0,2,0,0,3,Rickie Darnell,weeksri01-2015-SEA
werthja01,2015,1,WAS,NL,88,331,51,73,16,1,12,42,0,1,38,84,0,3,0,6,8,Jayson Richard Gowan,werthja01-2015-WAS
wietema01,2015,1,BAL,AL,75,258,24,69,14,1,8,25,0,0,21,67,0,0,0,3,4,Matthew Richard,wietema01-2015-BAL
wilsobo02,2015,1,TBA,AL,25,55,3,8,0,0,0,4,0,0,4,20,0,0,0,0,1,Robert Louis,wilsobo02-2015-TBA
wilsobo02,2015,2,TEX,AL,31,77,5,17,5,0,1,10,0,1,7,19,0,1,2,1,0,Robert Louis,wilsobo02-2015-TEX
wongko01,2015,1,SLN,NL,150,557,71,146,28,4,11,61,15,8,36,95,2,15,0,5,10,Kolten Kaha,wongko01-2015-SLN
wrighda03,2015,1,NYN,NL,38,152,24,44,7,0,5,17,2,1,22,36,0,0,0,0,4,David Allen,wrighda03-2015-NYN
yelicch01,2015,1,MIA,NL,126,476,63,143,30,2,7,44,16,5,47,101,2,2,0,0,13,Christian Stephen,yelicch01-2015-MIA
ynoara01,2015,1,COL,NL,72,127,14,33,8,1,0,9,1,0,3,28,0,0,1,0,2,Argelis Rafael,ynoara01-2015-COL
youngch04,2015,1,NYA,AL,140,318,53,80,20,1,14,42,3,1,30,73,2,3,3,2,6,Christopher Brandon,youngch04-2015-NYA
youngde03,2015,1,BAL,AL,52,174,20,47,6,0,2,16,0,0,4,29,0,1,0,1,8,Delmon Damarcus,youngde03-2015-BAL
younger03,2015,1,ATL,NL,35,77,7,13,4,2,0,5,3,0,6,17,1,0,2,0,1,Eric Orlando,younger03-2015-ATL
zimmejo02,2015,1,WAS,NL,33,63,4,10,1,0,0,3,0,0,0,18,0,0,6,0,0,Jordan M.,zimmejo02-2015-WAS
zimmery01,2015,1,WAS,NL,95,346,43,86,25,1,16,73,1,0,33,79,0,1,0,10,13,Ryan Wallace,zimmery01-2015-WAS
zobribe01,2015,1,OAK,AL,67,235,39,63,20,2,6,33,1,1,33,26,2,0,0,3,5,Benjamin Thomas,zobribe01-2015-OAK
zobribe01,2015,2,KCA,AL,59,232,37,66,16,1,7,23,2,3,29,30,1,1,0,2,3,Benjamin Thomas,zobribe01-2015-KCA
zuninmi01,2015,1,SEA,AL,112,350,28,61,11,0,11,28,0,1,21,132,0,5,8,2,6,Michael Accorsi,zuninmi01-2015-SEA
